ID,Respondent Profile (Hidden),1. How did you hear about AI Janala?,2. Which language did you use in the chat?,3. What device were you on?,4. What did you ask about?,5. How clear was the answer you got?,6. How much did you trust the answer was accurate?,"7. Was anything confusing, wrong, or missing?",8. Would you recommend this to a friend or family member?,9. What is one thing that would make this more useful for you?,10. Age range and district or city
1,BCS Cadre,Friend or family,Bengali,Phone,AI and jobs,3,3,Missed some local Bangladesh context.,Maybe,Ensure strict data privacy,"28-35, Dhaka"
2,Student,University,English,Laptop or desktop,Something else (Scholarships/Studies),3,4,,No,Information on scholarships,"18-24, Bogura"
3,BCS Cadre,Friend or family,Bengali,Phone,AI in government or policy,3,3,,Yes,Make it faster,"28-35, Mymensingh"
4,Banker,Facebook/WhatsApp,Bengali,Laptop or desktop,AI and jobs,3,3,Could be simpler.,Yes,More accurate financial terminology in Bengali,"46-55, Dhaka"
5,Banker,LinkedIn,English,Phone,AI and jobs,5,2,Could be simpler.,Yes,More accurate financial terminology in Bengali,"36-45, Dhaka"
6,BCS Cadre,Friend or family,Both,Phone,AI in government or policy,3,3,,Yes,Offline support through SMS,"28-35, Bogura"
7,BCS Cadre,LinkedIn,Bengali,Phone,AI in government or policy,3,4,Missed some local Bangladesh context.,Yes,Include more local examples,"46-55, Rajshahi"
8,Banker,LinkedIn,Bengali,Phone,Something else (Banking automation),5,2,,Yes,Add voice input in Bengali,"25-35, Dhaka"
9,Student,University,Bengali,Phone,Something else (Scholarships/Studies),5,5,All good.,Maybe,Information on scholarships,"19-23, Chattogram"
10,IT Professional,LinkedIn,Both,Laptop or desktop,Something else (Code generation),5,2,Missed some local Bangladesh context.,Yes,Offline support through SMS,"22-30, Dhaka"
11,Student,University,Both,Phone,Something else (Scholarships/Studies),3,4,,No,Make it faster,"19-23, Mymensingh"
12,Banker,LinkedIn,Both,Phone,AI and jobs,3,2,,Yes,Data on Bangladesh Bank regulations,"46-55, Dhaka"
13,BCS Cadre,Facebook/WhatsApp,Both,Phone,AI in government or policy,3,5,,Yes,Add circular references,"28-35, Rajshahi"
14,Student,University,Both,Phone,What AI is,3,3,Missed some local Bangladesh context.,No,Better regional language understanding,"20-25, Cumilla"
15,BCS Cadre,Facebook/WhatsApp,Bengali,Phone,AI in government or policy,4,5,Missed some local Bangladesh context.,Maybe,Include more local examples,"46-55, Rajshahi"
16,BCS Cadre,Friend or family,Both,Phone,AI in government or policy,3,5,,Maybe,Make it faster,"36-45, Bogura"
17,IT Professional,Facebook/WhatsApp,English,Phone,AI and jobs,4,4,A bit confusing on specific government policies.,Yes,Citations for claims,"41-50, Dhaka"
18,Student,LinkedIn,Both,Phone,AI and jobs,4,4,,Yes,Include more local examples,"20-25, Dhaka"
19,Housewife,Facebook/WhatsApp,Bengali,Phone,Something else (Education for kids),5,5,,Yes,Add voice input in Bengali,"36-50, Rajshahi"
20,BCS Cadre,LinkedIn,English,Phone,What AI is,5,3,,Yes,Include more local examples,"28-35, Cumilla"
21,IT Professional,Other,Both,Laptop or desktop,AI and jobs,4,3,Missed some local Bangladesh context.,Yes,Citations for claims,"22-30, Dhaka"
22,IT Professional,Other,Both,Phone,Something else (Code generation),5,2,,Maybe,Include more local examples,"31-40, Dhaka"
23,Small Business Owner,Friend or family,Bengali,Phone,Something else (How to grow business),4,5,,Yes,Include loan information or SME resources,"36-50, Dhaka"
24,BCS Cadre,Facebook/WhatsApp,Bengali,Laptop or desktop,AI in government or policy,4,3,Could be simpler.,Maybe,Add circular references,"46-55, Rajshahi"
25,Student,Facebook/WhatsApp,Both,Tablet,Something else (Scholarships/Studies),5,3,Could be simpler.,Yes,Add voice input in Bengali,"19-23, Rajshahi"
26,IT Professional,LinkedIn,English,Phone,Something else (Code generation),3,3,,Maybe,More technical depth,"41-50, Chattogram"
27,IT Professional,LinkedIn,English,Laptop or desktop,Something else (Code generation),4,4,Missed some local Bangladesh context.,Yes,Citations for claims,"41-50, Chattogram"
28,Small Business Owner,Friend or family,Bengali,Phone,What AI is,5,3,Could be simpler.,Yes,Include loan information or SME resources,"50+, Cumilla"
29,Banker,LinkedIn,Bengali,Laptop or desktop,AI and jobs,3,3,Missed some local Bangladesh context.,Maybe,Offline support through SMS,"36-45, Chattogram"
30,Housewife,Facebook/WhatsApp,Bengali,Phone,Something else (Education for kids),4,5,A bit confusing on specific government policies.,Maybe,Better regional language understanding,"25-35, Mymensingh"
31,IT Professional,LinkedIn,English,Laptop or desktop,Something else (Code generation),4,2,Could be simpler.,Yes,Make it faster,"41-50, Chattogram"
32,Housewife,Facebook/WhatsApp,Bengali,Phone,What AI is,5,5,,Yes,Better regional language understanding,"36-50, Cumilla"
33,BCS Cadre,Friend or family,Both,Phone,AI in government or policy,3,5,Missed some local Bangladesh context.,Yes,Add voice input in Bengali,"36-45, Sylhet"
34,Banker,LinkedIn,Both,Phone,Something else (Banking automation),4,2,Could be simpler.,Yes,Include more local examples,"36-45, Sylhet"
35,Student,Facebook/WhatsApp,English,Laptop or desktop,What AI is,5,3,A bit confusing on specific government policies.,Yes,Help with specific university subjects,"20-25, Dhaka"
36,Housewife,Facebook/WhatsApp,Bengali,Phone,What AI is,3,3,A bit confusing on specific government policies.,No,Better regional language understanding,"50+, Khulna"
37,BCS Cadre,Friend or family,Bengali,Laptop or desktop,AI and jobs,5,3,Missed some local Bangladesh context.,Maybe,Include more local examples,"28-35, Khulna"
38,Student,Facebook/WhatsApp,Both,Laptop or desktop,Something else (Scholarships/Studies),5,3,,Yes,Offline support through SMS,"19-23, Sylhet"
39,Small Business Owner,Other,Bengali,Laptop or desktop,Something else (Marketing),2,5,Answers were a bit too long.,No,Include loan information or SME resources,"50+, Bogura"
40,Student,Facebook/WhatsApp,Both,Phone,What AI is,4,5,A bit confusing on specific government policies.,Yes,Make it faster,"20-25, Chattogram"
41,BCS Cadre,Other,English,Phone,AI in government or policy,5,4,,Yes,Integrate directly with MOPA guidelines,"36-45, Sylhet"
42,Student,Facebook/WhatsApp,Both,Laptop or desktop,AI and jobs,4,4,Missed some local Bangladesh context.,Yes,Help with specific university subjects,"19-23, Bogura"
43,IT Professional,Friend or family,English,Laptop or desktop,Something else (Code generation),4,4,A bit confusing on specific government policies.,Maybe,Better regional language understanding,"22-30, Chattogram"
44,Banker,Other,English,Laptop or desktop,AI and jobs,4,2,,Yes,Add voice input in Bengali,"36-45, Dhaka"
45,Student,University,Both,Phone,AI and jobs,3,5,A bit confusing on specific government policies.,Yes,Make it faster,"18-24, Dhaka"
46,Student,LinkedIn,Bengali,Phone,AI and jobs,5,5,,Yes,Information on scholarships,"19-23, Chattogram"
47,Student,Friend or family,Both,Phone,Something else (Scholarships/Studies),4,4,A bit confusing on specific government policies.,Yes,Make it faster,"19-23, Mymensingh"
48,Student,Facebook/WhatsApp,Bengali,Phone,AI and jobs,4,3,,Yes,Information on scholarships,"19-23, Bogura"
49,BCS Cadre,Facebook/WhatsApp,English,Phone,AI in government or policy,4,5,,Yes,Offline support through SMS,"28-35, Cumilla"
50,Student,University,Both,Phone,AI and jobs,3,4,A bit confusing on specific government policies.,No,Offline support through SMS,"18-24, Barishal"
51,Student,LinkedIn,Both,Phone,AI and jobs,5,5,"No, it was helpful.",Yes,Offline support through SMS,"20-25, Cumilla"
52,Banker,LinkedIn,English,Phone,AI and jobs,4,3,Missed some local Bangladesh context.,Maybe,Offline support through SMS,"46-55, Dhaka"
53,Banker,LinkedIn,Both,Phone,AI and jobs,4,3,Missed some local Bangladesh context.,Maybe,Make it faster,"46-55, Dhaka"
54,BCS Cadre,Facebook/WhatsApp,Both,Phone,AI in government or policy,3,4,A bit confusing on specific government policies.,Maybe,Offline support through SMS,"28-35, Rangpur"
55,Banker,Other,Both,Phone,AI in government or policy,4,2,,Yes,Include more local examples,"25-35, Dhaka"
56,Student,Facebook/WhatsApp,Both,Phone,What AI is,4,5,Missed some local Bangladesh context.,Yes,Include more local examples,"20-25, Bogura"
57,Banker,Other,Both,Laptop or desktop,Something else (Banking automation),4,3,,Yes,Include more local examples,"46-55, Dhaka"
58,Student,Friend or family,Both,Phone,What AI is,5,3,,Yes,Add voice input in Bengali,"19-23, Cumilla"
59,Small Business Owner,Facebook/WhatsApp,Bengali,Phone,Something else (How to grow business),2,4,Answers were a bit too long.,Yes,Add voice input in Bengali,"25-35, Rangpur"
60,Student,University,Bengali,Phone,AI and jobs,4,3,,Yes,Include more local examples,"20-25, Rajshahi"
61,IT Professional,LinkedIn,English,Laptop or desktop,What AI is,3,3,A bit confusing on specific government policies.,Yes,API access,"22-30, Dhaka"
62,Small Business Owner,Facebook/WhatsApp,Bengali,Laptop or desktop,Something else (Marketing),5,3,Missed some local Bangladesh context.,Yes,Make it faster,"50+, Dhaka"
63,Housewife,Other,Bengali,Phone,What AI is,3,5,Missed some local Bangladesh context.,Maybe,Better regional language understanding,"36-50, Sylhet"
64,IT Professional,LinkedIn,English,Laptop or desktop,Something else (Code generation),5,2,,Yes,Better regional language understanding,"22-30, Dhaka"
65,Student,University,English,Phone,AI and jobs,3,4,A bit confusing on specific government policies.,No,Make it faster,"20-25, Rangpur"
66,Student,University,Both,Phone,What AI is,3,3,,No,Add voice input in Bengali,"20-25, Rangpur"
67,IT Professional,Friend or family,Both,Tablet,What AI is,4,3,,Maybe,Make it faster,"41-50, Dhaka"
68,Student,LinkedIn,Both,Laptop or desktop,AI and jobs,4,3,,Yes,Offline support through SMS,"18-24, Cumilla"
69,Small Business Owner,Facebook/WhatsApp,Bengali,Phone,Something else (How to grow business),4,3,A bit confusing on specific government policies.,Yes,Make it faster,"50+, Mymensingh"
70,BCS Cadre,Friend or family,Both,Phone,AI in government or policy,5,3,A bit confusing on specific government policies.,Yes,Add voice input in Bengali,"46-55, Rangpur"
71,BCS Cadre,Facebook/WhatsApp,Both,Laptop or desktop,AI in government or policy,5,5,"No, it was helpful.",Yes,Make it faster,"36-45, Bogura"
72,Housewife,Friend or family,Bengali,Phone,Something else (Daily life),4,5,,Maybe,Better regional language understanding,"50+, Mymensingh"
73,Small Business Owner,Other,Both,Phone,Something else (Marketing),2,5,Some Bengali phrasing was slightly unnatural.,Maybe,Include more local examples,"50+, Barishal"
74,Small Business Owner,Friend or family,Bengali,Phone,Something else (Marketing),3,3,Missed some local Bangladesh context.,Maybe,Add voice input in Bengali,"36-50, Khulna"
75,Housewife,Friend or family,Bengali,Phone,What AI is,4,3,Could be simpler.,Yes,Offline support through SMS,"36-50, Rajshahi"
76,Housewife,Friend or family,Bengali,Phone,Something else (Education for kids),4,5,Missed some local Bangladesh context.,Yes,Add voice input in Bengali,"25-35, Cumilla"
77,Small Business Owner,Friend or family,Bengali,Tablet,What AI is,3,4,,Maybe,Offline support through SMS,"50+, Mymensingh"
78,Student,University,Both,Phone,AI and jobs,4,3,Missed some local Bangladesh context.,Yes,Help with specific university subjects,"19-23, Rangpur"
79,IT Professional,Friend or family,English,Laptop or desktop,Something else (Code generation),3,2,Missed some local Bangladesh context.,Yes,API access,"41-50, Dhaka"
80,IT Professional,Other,English,Laptop or desktop,Something else (Code generation),3,4,Missed some local Bangladesh context.,Yes,More technical depth,"31-40, Dhaka"
81,Banker,Friend or family,Both,Laptop or desktop,AI and jobs,5,4,A bit confusing on specific government policies.,Yes,Offline support through SMS,"36-45, Sylhet"
82,Student,Facebook/WhatsApp,Both,Phone,AI and jobs,4,5,Could be simpler.,Yes,Add voice input in Bengali,"19-23, Khulna"
83,IT Professional,Facebook/WhatsApp,Both,Phone,Something else (Code generation),5,4,Missed some local Bangladesh context.,Yes,Better regional language understanding,"31-40, Dhaka"
84,Banker,LinkedIn,Both,Phone,Something else (Banking automation),5,4,,Yes,Include more local examples,"36-45, Sylhet"
85,Housewife,Friend or family,Bengali,Phone,Something else (Education for kids),5,4,,Yes,Make it faster,"36-50, Dhaka"
86,Student,University,English,Phone,Something else (Scholarships/Studies),4,5,Could be simpler.,Maybe,Make it faster,"20-25, Barishal"
87,Banker,Other,Both,Laptop or desktop,AI and jobs,4,3,,Maybe,Make it faster,"25-35, Dhaka"
88,BCS Cadre,Facebook/WhatsApp,English,Phone,AI in government or policy,3,4,,No,Make it faster,"36-45, Khulna"
89,Housewife,Facebook/WhatsApp,Both,Phone,What AI is,5,5,All good.,Yes,Include more local examples,"50+, Chattogram"
90,Small Business Owner,Facebook/WhatsApp,Bengali,Phone,Something else (How to grow business),2,5,Did not fully grasp the regional context.,Maybe,Add voice input in Bengali,"50+, Rajshahi"
91,BCS Cadre,LinkedIn,Bengali,Laptop or desktop,AI in government or policy,4,4,A bit confusing on specific government policies.,Yes,Ensure strict data privacy,"28-35, Dhaka"
92,IT Professional,LinkedIn,English,Laptop or desktop,AI in government or policy,4,3,A bit confusing on specific government policies.,Yes,Citations for claims,"22-30, Dhaka"
93,BCS Cadre,LinkedIn,Bengali,Laptop or desktop,AI in government or policy,5,5,,Yes,Add voice input in Bengali,"28-35, Mymensingh"
94,Housewife,Other,Bengali,Phone,Something else (Daily life),4,5,,Yes,Better regional language understanding,"36-50, Rajshahi"
95,BCS Cadre,LinkedIn,English,Tablet,AI in government or policy,4,5,Could be simpler.,Yes,Offline support through SMS,"46-55, Khulna"
96,Housewife,Facebook/WhatsApp,Bengali,Phone,What AI is,4,4,,Maybe,Include more local examples,"50+, Rangpur"
97,Student,University,Both,Phone,AI and jobs,4,5,Could be simpler.,Maybe,Better regional language understanding,"19-23, Dhaka"
98,Student,University,Both,Phone,AI and jobs,4,3,A bit confusing on specific government policies.,Yes,Include more local examples,"18-24, Dhaka"
99,BCS Cadre,Other,Both,Laptop or desktop,What AI is,3,4,,Yes,Ensure strict data privacy,"46-55, Cumilla"
100,Student,Facebook/WhatsApp,English,Phone,What AI is,3,4,Could be simpler.,Maybe,Include more local examples,"19-23, Rajshahi"
101,Small Business Owner,Friend or family,Bengali,Phone,What AI is,2,4,Did not fully grasp the regional context.,Yes,Add voice input in Bengali,"36-50, Chattogram"
102,BCS Cadre,LinkedIn,Bengali,Phone,AI in government or policy,5,4,,Yes,Integrate directly with MOPA guidelines,"36-45, Bogura"
103,Student,University,Bengali,Phone,AI and jobs,4,5,,Yes,Help with specific university subjects,"18-24, Rangpur"
104,Housewife,Facebook/WhatsApp,Bengali,Phone,What AI is,3,4,A bit confusing on specific government policies.,Yes,Include more local examples,"50+, Bogura"
105,Housewife,Facebook/WhatsApp,Bengali,Tablet,What AI is,4,5,,Yes,Offline support through SMS,"36-50, Cumilla"
106,Student,Facebook/WhatsApp,Both,Phone,What AI is,4,3,Missed some local Bangladesh context.,Yes,Information on scholarships,"18-24, Dhaka"
107,Housewife,Friend or family,Bengali,Phone,Something else (Daily life),4,5,Could be simpler.,Maybe,Offline support through SMS,"25-35, Barishal"
108,Small Business Owner,Facebook/WhatsApp,Bengali,Phone,Something else (Marketing),4,4,Could be simpler.,Maybe,Add voice input in Bengali,"25-35, Bogura"
109,Housewife,Facebook/WhatsApp,Bengali,Phone,Something else (Education for kids),4,5,A bit confusing on specific government policies.,Yes,Make it faster,"25-35, Cumilla"
110,Banker,Facebook/WhatsApp,English,Laptop or desktop,Something else (Banking automation),5,4,Missed some local Bangladesh context.,Yes,Include more local examples,"36-45, Dhaka"
111,Banker,Facebook/WhatsApp,English,Laptop or desktop,AI in government or policy,4,5,,Yes,Offline support through SMS,"36-45, Chattogram"
112,BCS Cadre,Friend or family,English,Phone,AI in government or policy,3,5,A bit confusing on specific government policies.,No,Integrate directly with MOPA guidelines,"36-45, Bogura"
113,Housewife,Facebook/WhatsApp,Bengali,Phone,Something else (Daily life),4,4,,Maybe,Add voice input in Bengali,"25-35, Rangpur"
114,Student,University,English,Phone,What AI is,4,5,,Yes,Make it faster,"18-24, Chattogram"
115,IT Professional,Other,English,Laptop or desktop,AI and jobs,3,3,A bit confusing on specific government policies.,No,Add voice input in Bengali,"22-30, Dhaka"
116,Small Business Owner,Friend or family,Bengali,Phone,Something else (Marketing),5,4,Missed some local Bangladesh context.,Maybe,Make it faster,"25-35, Khulna"
117,Small Business Owner,Friend or family,Bengali,Phone,Something else (Marketing),3,5,A bit confusing on specific government policies.,Maybe,Better regional language understanding,"25-35, Sylhet"
118,Small Business Owner,Facebook/WhatsApp,Bengali,Phone,Something else (How to grow business),4,3,Missed some local Bangladesh context.,Yes,Add voice input in Bengali,"25-35, Barishal"
119,Banker,Friend or family,English,Laptop or desktop,AI and jobs,3,2,,No,Make it faster,"36-45, Dhaka"
120,Student,Friend or family,Bengali,Laptop or desktop,Something else (Scholarships/Studies),5,3,A bit confusing on specific government policies.,Yes,Help with specific university subjects,"20-25, Rajshahi"
121,Small Business Owner,Facebook/WhatsApp,Bengali,Phone,Something else (How to grow business),5,3,,Yes,Make it faster,"50+, Cumilla"
122,Banker,LinkedIn,Both,Laptop or desktop,AI and jobs,4,4,,Yes,Better regional language understanding,"46-55, Chattogram"
123,Housewife,Facebook/WhatsApp,Bengali,Phone,What AI is,3,5,Could be simpler.,Maybe,Add voice input in Bengali,"36-50, Dhaka"
124,Banker,LinkedIn,Both,Phone,AI and jobs,5,2,A bit confusing on specific government policies.,Yes,Better regional language understanding,"36-45, Dhaka"
125,Small Business Owner,Facebook/WhatsApp,Bengali,Phone,Something else (How to grow business),3,5,Missed some local Bangladesh context.,No,Offline support through SMS,"50+, Dhaka"
126,Small Business Owner,Friend or family,Bengali,Phone,Something else (How to grow business),3,3,,No,Offline support through SMS,"50+, Sylhet"
127,BCS Cadre,Friend or family,Both,Tablet,AI in government or policy,4,3,Missed some local Bangladesh context.,Maybe,Better regional language understanding,"46-55, Rajshahi"
128,Small Business Owner,Friend or family,Bengali,Phone,What AI is,5,4,,Yes,Better regional language understanding,"25-35, Barishal"
129,Banker,Facebook/WhatsApp,Both,Laptop or desktop,AI in government or policy,5,3,,Yes,Add voice input in Bengali,"36-45, Dhaka"
130,Housewife,Facebook/WhatsApp,Bengali,Tablet,Something else (Education for kids),4,4,Missed some local Bangladesh context.,Yes,Offline support through SMS,"25-35, Rajshahi"
131,Student,Friend or family,Both,Phone,AI and jobs,5,5,,Yes,Information on scholarships,"18-24, Cumilla"
132,Banker,Facebook/WhatsApp,Both,Phone,AI and jobs,3,4,,Maybe,Data on Bangladesh Bank regulations,"46-55, Dhaka"
133,IT Professional,LinkedIn,English,Laptop or desktop,Something else (Code generation),3,2,Missed some local Bangladesh context.,Maybe,Better regional language understanding,"41-50, Dhaka"
134,Small Business Owner,Facebook/WhatsApp,Bengali,Phone,What AI is,4,5,,Yes,Provide business advice in simple Bangla,"50+, Barishal"
135,Banker,Facebook/WhatsApp,English,Laptop or desktop,AI in government or policy,3,4,,Maybe,Data on Bangladesh Bank regulations,"25-35, Dhaka"
136,Student,University,Both,Phone,AI and jobs,5,4,Could be simpler.,Yes,Better regional language understanding,"19-23, Dhaka"
137,Banker,LinkedIn,Bengali,Phone,AI in government or policy,5,4,A bit confusing on specific government policies.,Yes,Offline support through SMS,"46-55, Dhaka"
138,Student,Facebook/WhatsApp,English,Laptop or desktop,Something else (Scholarships/Studies),5,3,,Yes,Make it faster,"20-25, Cumilla"
139,Student,Facebook/WhatsApp,Both,Phone,What AI is,5,3,,Maybe,Make it faster,"18-24, Rangpur"
140,Small Business Owner,Facebook/WhatsApp,Bengali,Phone,What AI is,3,5,,No,Offline support through SMS,"50+, Bogura"
141,Student,LinkedIn,Both,Phone,What AI is,5,4,,Yes,Add voice input in Bengali,"19-23, Mymensingh"
142,Small Business Owner,Friend or family,Bengali,Phone,Something else (How to grow business),4,5,,Maybe,Make it faster,"50+, Bogura"
143,IT Professional,LinkedIn,Both,Laptop or desktop,Something else (Code generation),4,2,Could be simpler.,Yes,Add voice input in Bengali,"31-40, Dhaka"
144,Student,University,Both,Laptop or desktop,AI and jobs,5,5,,Yes,Make it faster,"20-25, Mymensingh"
145,Small Business Owner,Facebook/WhatsApp,Bengali,Phone,What AI is,2,3,Did not fully grasp the regional context.,Maybe,Add voice input in Bengali,"25-35, Khulna"
146,Small Business Owner,Facebook/WhatsApp,Bengali,Phone,Something else (How to grow business),5,5,"Nothing, it was very clear.",Maybe,Provide business advice in simple Bangla,"36-50, Rangpur"
147,Student,Facebook/WhatsApp,Both,Phone,AI and jobs,4,5,,Yes,Make it faster,"19-23, Rajshahi"
148,Small Business Owner,Facebook/WhatsApp,Both,Phone,Something else (How to grow business),4,4,A bit confusing on specific government policies.,Yes,Better regional language understanding,"25-35, Dhaka"
149,Small Business Owner,Other,Bengali,Phone,Something else (How to grow business),3,3,A bit confusing on specific government policies.,Maybe,Include more local examples,"50+, Dhaka"
150,BCS Cadre,Facebook/WhatsApp,Both,Phone,AI in government or policy,5,4,,Yes,Add voice input in Bengali,"46-55, Sylhet"
151,Student,University,Both,Phone,AI and jobs,3,3,,Yes,Offline support through SMS,"19-23, Bogura"
152,Banker,LinkedIn,Both,Laptop or desktop,AI in government or policy,5,3,Could be simpler.,Yes,Include more local examples,"46-55, Dhaka"
153,Student,Friend or family,Both,Phone,What AI is,4,3,,Yes,Better regional language understanding,"20-25, Sylhet"
154,Student,Facebook/WhatsApp,Both,Laptop or desktop,What AI is,5,4,,Yes,Help with specific university subjects,"18-24, Cumilla"
155,IT Professional,LinkedIn,English,Laptop or desktop,Something else (Code generation),4,2,,Yes,Offline support through SMS,"31-40, Dhaka"
156,BCS Cadre,Friend or family,English,Phone,AI in government or policy,3,5,A bit confusing on specific government policies.,No,Ensure strict data privacy,"36-45, Sylhet"
157,Student,University,Both,Phone,What AI is,4,5,Missed some local Bangladesh context.,Yes,Better regional language understanding,"19-23, Cumilla"
158,Small Business Owner,Friend or family,Bengali,Phone,Something else (How to grow business),5,4,,Yes,Include loan information or SME resources,"25-35, Chattogram"
159,BCS Cadre,Facebook/WhatsApp,Both,Phone,AI in government or policy,5,4,A bit confusing on specific government policies.,Yes,Offline support through SMS,"46-55, Cumilla"
160,Student,Facebook/WhatsApp,Bengali,Phone,What AI is,5,4,,Yes,Include more local examples,"20-25, Khulna"
161,Banker,Facebook/WhatsApp,Both,Laptop or desktop,AI and jobs,4,3,,Yes,Include more local examples,"46-55, Chattogram"
162,Housewife,Friend or family,Bengali,Phone,What AI is,4,5,,Maybe,Better regional language understanding,"50+, Khulna"
163,BCS Cadre,Facebook/WhatsApp,Both,Phone,AI and jobs,4,3,Missed some local Bangladesh context.,Yes,Make it faster,"28-35, Cumilla"
164,Student,University,English,Phone,What AI is,3,5,Could be simpler.,No,Information on scholarships,"19-23, Barishal"
165,BCS Cadre,Friend or family,Both,Phone,What AI is,4,5,A bit confusing on specific government policies.,Yes,Better regional language understanding,"46-55, Chattogram"
166,IT Professional,LinkedIn,English,Laptop or desktop,Something else (Code generation),4,4,,Yes,Add voice input in Bengali,"22-30, Dhaka"
167,Student,University,Both,Laptop or desktop,What AI is,4,5,Could be simpler.,Yes,Make it faster,"19-23, Khulna"
168,Student,LinkedIn,Both,Phone,Something else (Scholarships/Studies),5,4,Missed some local Bangladesh context.,Yes,Offline support through SMS,"19-23, Chattogram"
169,IT Professional,LinkedIn,Both,Laptop or desktop,Something else (Code generation),3,3,,Maybe,Offline support through SMS,"31-40, Dhaka"
170,Banker,LinkedIn,Both,Laptop or desktop,AI in government or policy,4,5,,Yes,Offline support through SMS,"25-35, Dhaka"
171,Student,University,Both,Phone,What AI is,4,3,,Yes,Add voice input in Bengali,"18-24, Chattogram"
172,Banker,LinkedIn,English,Laptop or desktop,Something else (Banking automation),4,5,,Yes,Include more local examples,"36-45, Dhaka"
173,IT Professional,LinkedIn,Both,Laptop or desktop,AI and jobs,4,4,Missed some local Bangladesh context.,Yes,More technical depth,"31-40, Dhaka"
174,Banker,LinkedIn,Both,Phone,AI and jobs,5,4,Missed some local Bangladesh context.,Yes,Data on Bangladesh Bank regulations,"46-55, Dhaka"
175,Banker,Facebook/WhatsApp,English,Laptop or desktop,AI in government or policy,5,3,Could be simpler.,Yes,Better regional language understanding,"36-45, Dhaka"
176,Banker,Facebook/WhatsApp,English,Laptop or desktop,Something else (Banking automation),5,4,,Maybe,Include more local examples,"25-35, Chattogram"
177,BCS Cadre,Facebook/WhatsApp,English,Phone,AI in government or policy,3,4,A bit confusing on specific government policies.,Maybe,Ensure strict data privacy,"28-35, Mymensingh"
178,Banker,Friend or family,English,Laptop or desktop,Something else (Banking automation),5,5,"Nothing, it was very clear.",Maybe,More accurate financial terminology in Bengali,"46-55, Dhaka"
179,Banker,LinkedIn,Both,Phone,Something else (Banking automation),4,4,Could be simpler.,Yes,Data on Bangladesh Bank regulations,"46-55, Dhaka"
180,BCS Cadre,LinkedIn,English,Phone,AI and jobs,3,3,,Maybe,Offline support through SMS,"36-45, Mymensingh"
181,BCS Cadre,LinkedIn,English,Laptop or desktop,What AI is,5,5,,Maybe,Integrate directly with MOPA guidelines,"46-55, Khulna"
182,Banker,Other,Both,Laptop or desktop,AI and jobs,4,4,Could be simpler.,Yes,Better regional language understanding,"46-55, Dhaka"
183,BCS Cadre,LinkedIn,Both,Phone,AI in government or policy,4,3,,Maybe,Offline support through SMS,"28-35, Rajshahi"
184,Small Business Owner,Facebook/WhatsApp,Bengali,Phone,Something else (How to grow business),2,4,Some Bengali phrasing was slightly unnatural.,No,Make it faster,"36-50, Rajshahi"
185,IT Professional,LinkedIn,English,Laptop or desktop,AI and jobs,4,2,Missed some local Bangladesh context.,Yes,Add voice input in Bengali,"22-30, Dhaka"
186,Banker,LinkedIn,English,Laptop or desktop,AI and jobs,3,2,,No,Add voice input in Bengali,"25-35, Dhaka"
187,BCS Cadre,Other,Bengali,Phone,AI in government or policy,5,5,"Nothing, it was very clear.",Yes,Offline support through SMS,"36-45, Cumilla"
188,Student,Facebook/WhatsApp,Both,Phone,Something else (Scholarships/Studies),4,5,A bit confusing on specific government policies.,Yes,Include more local examples,"18-24, Rajshahi"
189,Small Business Owner,Facebook/WhatsApp,Bengali,Phone,Something else (How to grow business),3,5,Missed some local Bangladesh context.,Maybe,Better regional language understanding,"50+, Sylhet"
190,Banker,Facebook/WhatsApp,Both,Laptop or desktop,Something else (Banking automation),3,5,Missed some local Bangladesh context.,No,More accurate financial terminology in Bengali,"36-45, Dhaka"
191,IT Professional,Facebook/WhatsApp,English,Laptop or desktop,AI and jobs,4,4,,Maybe,Offline support through SMS,"22-30, Chattogram"
192,BCS Cadre,Facebook/WhatsApp,Bengali,Phone,AI in government or policy,4,3,Could be simpler.,Yes,Offline support through SMS,"46-55, Sylhet"
193,BCS Cadre,Facebook/WhatsApp,Both,Phone,AI in government or policy,4,4,Missed some local Bangladesh context.,Maybe,Make it faster,"46-55, Chattogram"
194,Small Business Owner,Facebook/WhatsApp,Bengali,Phone,Something else (How to grow business),2,5,Some Bengali phrasing was slightly unnatural.,Maybe,Provide business advice in simple Bangla,"25-35, Cumilla"
195,Banker,LinkedIn,English,Phone,AI in government or policy,4,5,Could be simpler.,Yes,Include more local examples,"36-45, Dhaka"
196,Small Business Owner,Facebook/WhatsApp,Bengali,Phone,Something else (How to grow business),5,3,,Yes,Provide business advice in simple Bangla,"50+, Rangpur"
197,Banker,Facebook/WhatsApp,English,Phone,AI in government or policy,5,5,All good.,Yes,Include more local examples,"25-35, Dhaka"
198,Student,Facebook/WhatsApp,Bengali,Laptop or desktop,AI and jobs,3,3,Missed some local Bangladesh context.,Yes,Better regional language understanding,"19-23, Mymensingh"
199,Banker,LinkedIn,English,Laptop or desktop,AI in government or policy,3,5,Missed some local Bangladesh context.,Maybe,Better regional language understanding,"46-55, Dhaka"
200,BCS Cadre,Other,Bengali,Phone,AI in government or policy,5,4,Missed some local Bangladesh context.,Yes,Add voice input in Bengali,"46-55, Bogura"
201,IT Professional,LinkedIn,Both,Laptop or desktop,AI and jobs,3,4,A bit confusing on specific government policies.,Yes,Citations for claims,"22-30, Dhaka"
202,Student,University,Both,Phone,AI and jobs,3,5,,Yes,Offline support through SMS,"18-24, Sylhet"
203,Small Business Owner,Facebook/WhatsApp,Bengali,Phone,What AI is,4,5,A bit confusing on specific government policies.,Yes,Include more local examples,"36-50, Rajshahi"
204,Banker,LinkedIn,English,Phone,AI in government or policy,5,3,A bit confusing on specific government policies.,Yes,Better regional language understanding,"46-55, Dhaka"
205,Banker,LinkedIn,Both,Phone,AI in government or policy,4,4,A bit confusing on specific government policies.,Yes,Include more local examples,"36-45, Chattogram"
206,Banker,LinkedIn,English,Phone,Something else (Banking automation),4,5,,Yes,Add voice input in Bengali,"46-55, Dhaka"
207,Small Business Owner,Friend or family,Both,Phone,Something else (How to grow business),2,3,Too technical.,No,Provide business advice in simple Bangla,"36-50, Khulna"
208,Student,University,Both,Phone,What AI is,4,5,,Yes,Add voice input in Bengali,"20-25, Rajshahi"
209,IT Professional,Facebook/WhatsApp,Both,Laptop or desktop,Something else (Code generation),3,2,,Yes,Include more local examples,"22-30, Dhaka"
210,BCS Cadre,Facebook/WhatsApp,English,Tablet,AI in government or policy,3,5,,Maybe,Add circular references,"28-35, Cumilla"
211,Small Business Owner,Facebook/WhatsApp,Bengali,Phone,Something else (Marketing),2,3,Some Bengali phrasing was slightly unnatural.,Yes,Include more local examples,"50+, Rajshahi"
212,Banker,Facebook/WhatsApp,Both,Laptop or desktop,AI and jobs,4,4,A bit confusing on specific government policies.,Maybe,Better regional language understanding,"46-55, Dhaka"
213,Housewife,Friend or family,Bengali,Phone,What AI is,4,5,,Maybe,Include more local examples,"50+, Bogura"
214,Small Business Owner,Facebook/WhatsApp,Bengali,Phone,Something else (How to grow business),5,4,Could be simpler.,Maybe,Include loan information or SME resources,"25-35, Sylhet"
215,Small Business Owner,Friend or family,Bengali,Phone,Something else (How to grow business),5,3,,Yes,Include loan information or SME resources,"50+, Cumilla"
216,BCS Cadre,Friend or family,Both,Phone,AI and jobs,4,5,,Yes,Make it faster,"46-55, Chattogram"
217,BCS Cadre,Other,Both,Phone,AI in government or policy,4,4,A bit confusing on specific government policies.,Yes,Better regional language understanding,"36-45, Cumilla"
218,Small Business Owner,Facebook/WhatsApp,Bengali,Phone,Something else (How to grow business),4,4,Missed some local Bangladesh context.,Yes,Include more local examples,"25-35, Khulna"
219,BCS Cadre,Friend or family,English,Tablet,AI in government or policy,4,4,,Yes,Add circular references,"36-45, Khulna"
220,Small Business Owner,Facebook/WhatsApp,Both,Phone,What AI is,4,5,A bit confusing on specific government policies.,Yes,Include loan information or SME resources,"50+, Chattogram"
221,BCS Cadre,LinkedIn,Both,Phone,AI in government or policy,5,4,,Yes,Add circular references,"36-45, Rajshahi"
222,Small Business Owner,Friend or family,Bengali,Tablet,Something else (How to grow business),5,4,A bit confusing on specific government policies.,Maybe,Better regional language understanding,"50+, Cumilla"
223,Student,University,Both,Phone,Something else (Scholarships/Studies),4,5,,Maybe,Better regional language understanding,"20-25, Rangpur"
224,Banker,Facebook/WhatsApp,English,Laptop or desktop,AI in government or policy,3,5,,Yes,Include more local examples,"25-35, Dhaka"
225,Banker,Other,Both,Laptop or desktop,AI and jobs,5,2,Could be simpler.,Yes,More accurate financial terminology in Bengali,"25-35, Dhaka"
226,BCS Cadre,Facebook/WhatsApp,Bengali,Phone,AI in government or policy,3,5,,Yes,Make it faster,"36-45, Rangpur"
227,Small Business Owner,Friend or family,Both,Phone,What AI is,3,5,A bit confusing on specific government policies.,No,Provide business advice in simple Bangla,"50+, Sylhet"
228,BCS Cadre,Other,Bengali,Laptop or desktop,AI and jobs,3,3,Missed some local Bangladesh context.,Maybe,Make it faster,"36-45, Dhaka"
229,Small Business Owner,Facebook/WhatsApp,Bengali,Phone,Something else (How to grow business),4,3,Could be simpler.,Yes,Include loan information or SME resources,"25-35, Rangpur"
230,Student,Facebook/WhatsApp,Both,Phone,AI and jobs,3,4,A bit confusing on specific government policies.,Maybe,Include more local examples,"19-23, Rangpur"
231,Banker,Facebook/WhatsApp,English,Phone,AI in government or policy,3,3,,Yes,Offline support through SMS,"25-35, Dhaka"
232,Student,University,Both,Phone,Something else (Scholarships/Studies),5,3,Missed some local Bangladesh context.,Maybe,Include more local examples,"19-23, Cumilla"
233,BCS Cadre,Friend or family,Both,Phone,AI in government or policy,3,4,Missed some local Bangladesh context.,Yes,Ensure strict data privacy,"36-45, Chattogram"
234,Student,University,Both,Phone,AI and jobs,3,4,A bit confusing on specific government policies.,Yes,Add voice input in Bengali,"18-24, Barishal"
235,BCS Cadre,Friend or family,English,Laptop or desktop,AI in government or policy,5,4,,Yes,Include more local examples,"28-35, Barishal"
236,Housewife,Facebook/WhatsApp,Bengali,Phone,Something else (Education for kids),3,4,Missed some local Bangladesh context.,No,Offline support through SMS,"25-35, Mymensingh"
237,Housewife,Facebook/WhatsApp,Bengali,Phone,Something else (Daily life),5,3,,Yes,Add voice input in Bengali,"25-35, Khulna"
238,Banker,LinkedIn,English,Laptop or desktop,Something else (Banking automation),5,2,,Yes,More accurate financial terminology in Bengali,"46-55, Dhaka"
239,Banker,Facebook/WhatsApp,Both,Tablet,AI and jobs,3,5,Missed some local Bangladesh context.,No,Include more local examples,"36-45, Dhaka"
240,Banker,Friend or family,Both,Laptop or desktop,AI and jobs,4,3,Could be simpler.,Yes,Include more local examples,"46-55, Chattogram"
241,BCS Cadre,LinkedIn,English,Phone,AI in government or policy,3,5,,Yes,Ensure strict data privacy,"28-35, Rajshahi"
242,Banker,Facebook/WhatsApp,English,Laptop or desktop,Something else (Banking automation),5,2,Could be simpler.,Yes,Offline support through SMS,"36-45, Dhaka"
243,BCS Cadre,Other,Both,Laptop or desktop,What AI is,4,5,,Yes,Add circular references,"28-35, Khulna"
244,Student,University,Both,Phone,AI and jobs,4,5,Missed some local Bangladesh context.,Maybe,Better regional language understanding,"19-23, Cumilla"
245,BCS Cadre,Other,Bengali,Phone,AI in government or policy,5,3,Could be simpler.,Yes,Offline support through SMS,"28-35, Rajshahi"
246,Banker,Other,Both,Phone,AI and jobs,3,5,,Yes,More accurate financial terminology in Bengali,"36-45, Dhaka"
247,Student,Facebook/WhatsApp,English,Phone,AI and jobs,4,3,A bit confusing on specific government policies.,Yes,Include more local examples,"19-23, Barishal"
248,Student,Facebook/WhatsApp,Both,Phone,What AI is,3,5,Missed some local Bangladesh context.,Yes,Information on scholarships,"18-24, Khulna"
249,Housewife,Facebook/WhatsApp,Bengali,Phone,Something else (Education for kids),3,5,,Maybe,Add voice input in Bengali,"25-35, Rajshahi"
250,Banker,LinkedIn,English,Phone,AI and jobs,3,2,Missed some local Bangladesh context.,No,Better regional language understanding,"25-35, Dhaka"
251,IT Professional,Friend or family,English,Laptop or desktop,AI in government or policy,5,4,A bit confusing on specific government policies.,Yes,Make it faster,"41-50, Chattogram"
252,Small Business Owner,Facebook/WhatsApp,Bengali,Phone,Something else (Marketing),4,5,Missed some local Bangladesh context.,Maybe,Offline support through SMS,"36-50, Rangpur"
253,IT Professional,Facebook/WhatsApp,Both,Phone,AI and jobs,5,4,A bit confusing on specific government policies.,Yes,More technical depth,"22-30, Dhaka"
254,Banker,Facebook/WhatsApp,English,Phone,Something else (Banking automation),4,3,Could be simpler.,Yes,Data on Bangladesh Bank regulations,"25-35, Dhaka"
255,Small Business Owner,Facebook/WhatsApp,Bengali,Phone,What AI is,2,5,Some Bengali phrasing was slightly unnatural.,Yes,Include loan information or SME resources,"50+, Khulna"
256,BCS Cadre,Facebook/WhatsApp,Both,Phone,AI in government or policy,4,3,Missed some local Bangladesh context.,Yes,Add voice input in Bengali,"28-35, Rajshahi"
257,Banker,Facebook/WhatsApp,Both,Tablet,AI in government or policy,3,5,,Yes,More accurate financial terminology in Bengali,"25-35, Dhaka"
258,BCS Cadre,Facebook/WhatsApp,English,Phone,What AI is,3,5,Could be simpler.,No,Add circular references,"28-35, Chattogram"
259,Banker,Facebook/WhatsApp,English,Laptop or desktop,Something else (Banking automation),4,5,Missed some local Bangladesh context.,Yes,Make it faster,"46-55, Dhaka"
260,BCS Cadre,LinkedIn,Bengali,Phone,AI in government or policy,4,5,Missed some local Bangladesh context.,Yes,Better regional language understanding,"28-35, Mymensingh"
261,Small Business Owner,Friend or family,Bengali,Phone,What AI is,4,3,Missed some local Bangladesh context.,Yes,Add voice input in Bengali,"50+, Dhaka"
262,Banker,LinkedIn,English,Laptop or desktop,Something else (Banking automation),5,4,Could be simpler.,Maybe,Make it faster,"25-35, Dhaka"
263,BCS Cadre,LinkedIn,Both,Phone,AI and jobs,5,5,"No, it was helpful.",Yes,Better regional language understanding,"28-35, Cumilla"
264,Student,Friend or family,Bengali,Laptop or desktop,AI and jobs,4,5,Could be simpler.,Maybe,Information on scholarships,"18-24, Chattogram"
265,Banker,Facebook/WhatsApp,Both,Phone,AI in government or policy,3,5,Missed some local Bangladesh context.,Maybe,Add voice input in Bengali,"25-35, Dhaka"
266,Small Business Owner,Facebook/WhatsApp,Bengali,Phone,Something else (How to grow business),2,5,Too technical.,No,Include more local examples,"36-50, Dhaka"
267,BCS Cadre,Other,English,Phone,AI in government or policy,3,4,,Maybe,Offline support through SMS,"36-45, Mymensingh"
268,Student,University,Bengali,Phone,Something else (Scholarships/Studies),5,3,Missed some local Bangladesh context.,Yes,Make it faster,"20-25, Dhaka"
269,BCS Cadre,Other,English,Laptop or desktop,AI in government or policy,4,4,Could be simpler.,Maybe,Make it faster,"28-35, Dhaka"
270,Banker,Other,Both,Laptop or desktop,AI in government or policy,4,5,Could be simpler.,Yes,Add voice input in Bengali,"46-55, Dhaka"
271,Banker,Friend or family,English,Laptop or desktop,AI in government or policy,3,5,A bit confusing on specific government policies.,Maybe,Include more local examples,"25-35, Dhaka"
272,Small Business Owner,Friend or family,Bengali,Phone,What AI is,4,3,,Yes,Provide business advice in simple Bangla,"36-50, Dhaka"
273,Small Business Owner,Other,Bengali,Phone,What AI is,4,5,,Maybe,Make it faster,"50+, Chattogram"
274,Housewife,Facebook/WhatsApp,Bengali,Phone,What AI is,4,4,A bit confusing on specific government policies.,Yes,Include more local examples,"36-50, Rangpur"
275,Small Business Owner,Other,Bengali,Phone,Something else (How to grow business),2,4,Some Bengali phrasing was slightly unnatural.,Yes,Include loan information or SME resources,"50+, Rajshahi"
276,BCS Cadre,Friend or family,Bengali,Laptop or desktop,AI in government or policy,3,4,Could be simpler.,No,Include more local examples,"28-35, Mymensingh"
277,BCS Cadre,Facebook/WhatsApp,Both,Tablet,AI and jobs,3,4,Could be simpler.,Yes,Add voice input in Bengali,"28-35, Khulna"
278,BCS Cadre,Friend or family,Both,Laptop or desktop,AI in government or policy,4,4,,Yes,Ensure strict data privacy,"46-55, Mymensingh"
279,Small Business Owner,Friend or family,Bengali,Phone,What AI is,5,3,Missed some local Bangladesh context.,Yes,Provide business advice in simple Bangla,"36-50, Bogura"
280,Banker,Friend or family,Both,Phone,AI in government or policy,4,3,A bit confusing on specific government policies.,Yes,Add voice input in Bengali,"46-55, Dhaka"
281,Housewife,Friend or family,Bengali,Phone,Something else (Daily life),3,3,Could be simpler.,Maybe,Add voice input in Bengali,"25-35, Cumilla"
282,Small Business Owner,Friend or family,Bengali,Tablet,Something else (How to grow business),5,4,A bit confusing on specific government policies.,Yes,Include more local examples,"50+, Dhaka"
283,BCS Cadre,Other,Bengali,Phone,AI in government or policy,5,5,,Yes,Offline support through SMS,"36-45, Chattogram"
284,Small Business Owner,Friend or family,Bengali,Phone,What AI is,3,4,,Maybe,Better regional language understanding,"25-35, Mymensingh"
285,Banker,Other,English,Phone,AI and jobs,4,4,A bit confusing on specific government policies.,Yes,Data on Bangladesh Bank regulations,"46-55, Dhaka"
286,BCS Cadre,LinkedIn,Both,Laptop or desktop,AI and jobs,4,4,,Yes,Ensure strict data privacy,"36-45, Rangpur"
287,Small Business Owner,Facebook/WhatsApp,Bengali,Phone,Something else (How to grow business),5,5,"No, it was helpful.",Yes,Include loan information or SME resources,"25-35, Khulna"
288,BCS Cadre,Friend or family,Both,Tablet,AI and jobs,3,5,,Yes,Add voice input in Bengali,"28-35, Sylhet"
289,BCS Cadre,LinkedIn,Bengali,Phone,What AI is,4,5,Could be simpler.,Yes,Offline support through SMS,"36-45, Khulna"
290,Small Business Owner,Facebook/WhatsApp,Bengali,Phone,What AI is,3,5,Could be simpler.,No,Make it faster,"50+, Rangpur"
291,BCS Cadre,LinkedIn,Both,Phone,AI in government or policy,3,5,Missed some local Bangladesh context.,No,Make it faster,"46-55, Rangpur"
292,Small Business Owner,Facebook/WhatsApp,Both,Phone,Something else (Marketing),5,4,,Yes,Add voice input in Bengali,"36-50, Cumilla"
293,BCS Cadre,LinkedIn,English,Laptop or desktop,AI in government or policy,4,5,,Yes,Make it faster,"46-55, Sylhet"
294,Housewife,Facebook/WhatsApp,Bengali,Phone,Something else (Education for kids),3,5,Missed some local Bangladesh context.,No,Better regional language understanding,"50+, Dhaka"
295,Banker,Friend or family,Both,Laptop or desktop,AI and jobs,4,2,,Yes,Data on Bangladesh Bank regulations,"25-35, Chattogram"
296,Banker,Facebook/WhatsApp,Both,Phone,AI in government or policy,3,4,Missed some local Bangladesh context.,Yes,More accurate financial terminology in Bengali,"25-35, Dhaka"
297,Housewife,Facebook/WhatsApp,Bengali,Phone,What AI is,4,4,,Yes,Include more local examples,"50+, Rajshahi"
298,BCS Cadre,Friend or family,Both,Laptop or desktop,AI in government or policy,4,3,Missed some local Bangladesh context.,Yes,Ensure strict data privacy,"28-35, Rangpur"
299,IT Professional,Facebook/WhatsApp,English,Laptop or desktop,Something else (Code generation),4,2,,Yes,API access,"41-50, Dhaka"
300,IT Professional,Facebook/WhatsApp,Both,Laptop or desktop,Something else (Code generation),5,4,,Yes,More technical depth,"22-30, Dhaka"
301,BCS Cadre,Other,Bengali,Laptop or desktop,AI in government or policy,4,5,A bit confusing on specific government policies.,Yes,Ensure strict data privacy,"36-45, Dhaka"
302,Small Business Owner,Facebook/WhatsApp,Bengali,Phone,Something else (Marketing),5,5,"No, it was helpful.",Yes,Make it faster,"36-50, Rangpur"
303,Housewife,Friend or family,Bengali,Tablet,Something else (Education for kids),4,3,A bit confusing on specific government policies.,Maybe,Make it faster,"25-35, Rajshahi"
304,Banker,LinkedIn,English,Tablet,AI in government or policy,3,4,A bit confusing on specific government policies.,Maybe,More accurate financial terminology in Bengali,"36-45, Dhaka"
305,Banker,LinkedIn,Both,Laptop or desktop,AI in government or policy,3,5,,Yes,Better regional language understanding,"46-55, Dhaka"
306,Banker,Facebook/WhatsApp,Both,Laptop or desktop,AI and jobs,3,2,A bit confusing on specific government policies.,Maybe,Make it faster,"25-35, Dhaka"
307,Small Business Owner,Other,Bengali,Phone,What AI is,5,3,Missed some local Bangladesh context.,Yes,Better regional language understanding,"36-50, Chattogram"
308,Small Business Owner,Friend or family,Bengali,Phone,What AI is,2,5,Did not fully grasp the regional context.,Yes,Make it faster,"50+, Bogura"
309,Banker,Facebook/WhatsApp,Both,Tablet,AI in government or policy,3,2,,No,Include more local examples,"46-55, Dhaka"
310,Banker,LinkedIn,English,Phone,Something else (Banking automation),5,3,Could be simpler.,Maybe,Better regional language understanding,"46-55, Chattogram"
311,Housewife,Facebook/WhatsApp,Bengali,Phone,Something else (Education for kids),4,3,Could be simpler.,Yes,Better regional language understanding,"25-35, Chattogram"
312,Small Business Owner,Facebook/WhatsApp,Bengali,Phone,Something else (Marketing),4,4,,Yes,Better regional language understanding,"25-35, Rajshahi"
313,BCS Cadre,LinkedIn,Both,Laptop or desktop,AI and jobs,5,3,Missed some local Bangladesh context.,Yes,Include more local examples,"46-55, Rajshahi"
314,BCS Cadre,Facebook/WhatsApp,Both,Phone,AI and jobs,5,5,,Maybe,Integrate directly with MOPA guidelines,"46-55, Bogura"
315,Banker,LinkedIn,Both,Phone,Something else (Banking automation),3,5,A bit confusing on specific government policies.,Yes,Make it faster,"25-35, Dhaka"
316,Small Business Owner,Facebook/WhatsApp,Bengali,Phone,Something else (How to grow business),2,3,Answers were a bit too long.,No,Include loan information or SME resources,"36-50, Cumilla"
317,BCS Cadre,LinkedIn,Bengali,Phone,AI in government or policy,5,3,Could be simpler.,Yes,Make it faster,"28-35, Sylhet"
318,Banker,Facebook/WhatsApp,Both,Phone,Something else (Banking automation),3,3,,Yes,Better regional language understanding,"36-45, Dhaka"
319,BCS Cadre,LinkedIn,Both,Phone,AI and jobs,3,4,Missed some local Bangladesh context.,Yes,Add voice input in Bengali,"36-45, Chattogram"
320,Housewife,Facebook/WhatsApp,Bengali,Phone,Something else (Daily life),3,4,,Maybe,Make it faster,"50+, Khulna"
321,Banker,Other,Bengali,Phone,AI and jobs,3,5,Missed some local Bangladesh context.,No,More accurate financial terminology in Bengali,"25-35, Dhaka"
322,IT Professional,LinkedIn,English,Laptop or desktop,AI and jobs,5,2,,Maybe,More technical depth,"22-30, Dhaka"
323,Student,University,English,Phone,What AI is,4,5,A bit confusing on specific government policies.,Yes,Add voice input in Bengali,"19-23, Sylhet"
324,IT Professional,LinkedIn,Both,Laptop or desktop,AI and jobs,5,4,Could be simpler.,Yes,Make it faster,"41-50, Dhaka"
325,Student,Friend or family,English,Phone,What AI is,4,4,,Yes,Offline support through SMS,"19-23, Sylhet"
326,Small Business Owner,Facebook/WhatsApp,Bengali,Phone,What AI is,4,5,Could be simpler.,Yes,Include loan information or SME resources,"50+, Dhaka"
327,Student,Facebook/WhatsApp,Both,Phone,What AI is,3,3,,Maybe,Make it faster,"18-24, Mymensingh"
328,Small Business Owner,Facebook/WhatsApp,Bengali,Phone,Something else (How to grow business),5,4,A bit confusing on specific government policies.,Yes,Better regional language understanding,"36-50, Barishal"
329,Banker,Friend or family,Both,Phone,AI and jobs,4,5,,Yes,More accurate financial terminology in Bengali,"46-55, Dhaka"
330,BCS Cadre,Facebook/WhatsApp,Both,Laptop or desktop,AI and jobs,3,5,A bit confusing on specific government policies.,Maybe,Better regional language understanding,"36-45, Dhaka"
331,Banker,Other,Both,Laptop or desktop,AI and jobs,4,4,A bit confusing on specific government policies.,Yes,Include more local examples,"46-55, Dhaka"
332,Student,University,Bengali,Phone,AI and jobs,3,5,,Yes,Help with specific university subjects,"19-23, Barishal"
333,Student,University,Bengali,Phone,AI and jobs,5,5,"Nothing, it was very clear.",Maybe,Include more local examples,"19-23, Barishal"
334,Student,LinkedIn,Both,Phone,AI and jobs,4,3,A bit confusing on specific government policies.,Yes,Better regional language understanding,"19-23, Rajshahi"
335,Banker,Facebook/WhatsApp,English,Laptop or desktop,AI in government or policy,3,4,Could be simpler.,Yes,Include more local examples,"36-45, Chattogram"
336,Banker,LinkedIn,Both,Phone,AI in government or policy,3,2,Missed some local Bangladesh context.,Maybe,Offline support through SMS,"36-45, Sylhet"
337,BCS Cadre,Other,English,Phone,AI in government or policy,5,5,,Yes,Add circular references,"46-55, Chattogram"
338,Housewife,Friend or family,Bengali,Tablet,What AI is,4,5,,Yes,Make it faster,"25-35, Khulna"
339,Small Business Owner,Other,Bengali,Phone,Something else (How to grow business),2,3,Answers were a bit too long.,Maybe,Better regional language understanding,"36-50, Mymensingh"
340,Student,University,Bengali,Laptop or desktop,AI and jobs,5,3,Could be simpler.,Yes,Information on scholarships,"19-23, Khulna"
341,Student,Facebook/WhatsApp,Both,Phone,AI and jobs,3,4,,No,Make it faster,"20-25, Barishal"
342,Small Business Owner,Friend or family,Bengali,Phone,Something else (Marketing),4,5,Could be simpler.,Yes,Include more local examples,"36-50, Cumilla"
343,IT Professional,Facebook/WhatsApp,English,Laptop or desktop,AI and jobs,5,4,,Yes,Better regional language understanding,"22-30, Dhaka"
344,BCS Cadre,LinkedIn,Both,Phone,AI and jobs,5,4,,Yes,Add circular references,"46-55, Rajshahi"
345,Banker,Friend or family,English,Phone,AI and jobs,5,4,,Maybe,Include more local examples,"25-35, Dhaka"
346,Student,Facebook/WhatsApp,Both,Phone,AI and jobs,4,3,,Yes,Information on scholarships,"20-25, Chattogram"
347,IT Professional,LinkedIn,English,Tablet,Something else (Code generation),4,4,Could be simpler.,Yes,Better regional language understanding,"41-50, Dhaka"
348,BCS Cadre,LinkedIn,Both,Tablet,AI in government or policy,5,5,"No, it was helpful.",Maybe,Offline support through SMS,"46-55, Rajshahi"
349,Small Business Owner,Facebook/WhatsApp,Both,Phone,Something else (Marketing),5,3,Could be simpler.,Yes,Include more local examples,"25-35, Bogura"
350,Small Business Owner,Facebook/WhatsApp,Bengali,Phone,Something else (How to grow business),3,3,,Maybe,Offline support through SMS,"36-50, Rangpur"
351,Small Business Owner,Friend or family,Both,Phone,Something else (How to grow business),4,5,A bit confusing on specific government policies.,Yes,Include more local examples,"36-50, Mymensingh"
352,BCS Cadre,Facebook/WhatsApp,Both,Laptop or desktop,What AI is,5,4,,Maybe,Make it faster,"46-55, Dhaka"
353,Student,Facebook/WhatsApp,Both,Phone,What AI is,5,4,,Yes,Include more local examples,"20-25, Dhaka"
354,Small Business Owner,Facebook/WhatsApp,Bengali,Phone,Something else (How to grow business),4,4,,Yes,Offline support through SMS,"36-50, Cumilla"
355,BCS Cadre,Facebook/WhatsApp,Bengali,Laptop or desktop,AI in government or policy,4,5,Missed some local Bangladesh context.,Maybe,Ensure strict data privacy,"28-35, Cumilla"
356,Banker,LinkedIn,Both,Tablet,AI and jobs,3,2,Could be simpler.,Maybe,Make it faster,"36-45, Dhaka"
357,Small Business Owner,Facebook/WhatsApp,Bengali,Phone,Something else (How to grow business),5,3,A bit confusing on specific government policies.,Maybe,Include loan information or SME resources,"50+, Khulna"
358,BCS Cadre,Friend or family,Bengali,Laptop or desktop,AI in government or policy,5,5,"Nothing, it was very clear.",Maybe,Add voice input in Bengali,"46-55, Mymensingh"
359,Small Business Owner,Facebook/WhatsApp,Bengali,Phone,Something else (Marketing),2,5,Answers were a bit too long.,No,Include more local examples,"36-50, Chattogram"
360,Banker,LinkedIn,Bengali,Laptop or desktop,Something else (Banking automation),3,2,Could be simpler.,No,Data on Bangladesh Bank regulations,"25-35, Sylhet"
361,Student,Facebook/WhatsApp,Both,Phone,AI and jobs,5,4,A bit confusing on specific government policies.,Maybe,Include more local examples,"20-25, Chattogram"
362,Small Business Owner,Facebook/WhatsApp,Bengali,Phone,What AI is,2,3,Too technical.,Maybe,Include more local examples,"50+, Rajshahi"
363,Small Business Owner,Facebook/WhatsApp,Bengali,Phone,Something else (Marketing),5,3,,Yes,Include loan information or SME resources,"25-35, Cumilla"
364,Student,University,Both,Phone,What AI is,3,4,Could be simpler.,Yes,Information on scholarships,"19-23, Rajshahi"
365,Student,University,Bengali,Phone,AI and jobs,4,4,,Yes,Include more local examples,"20-25, Rajshahi"
366,Student,Friend or family,Both,Laptop or desktop,AI and jobs,5,5,All good.,Yes,Include more local examples,"19-23, Chattogram"
367,Small Business Owner,Facebook/WhatsApp,Bengali,Phone,Something else (How to grow business),5,4,A bit confusing on specific government policies.,Yes,Offline support through SMS,"36-50, Dhaka"
368,Housewife,Friend or family,Bengali,Phone,What AI is,5,5,"Nothing, it was very clear.",Maybe,Offline support through SMS,"36-50, Rajshahi"
369,Small Business Owner,Friend or family,Bengali,Phone,Something else (How to grow business),3,3,Could be simpler.,No,Provide business advice in simple Bangla,"25-35, Cumilla"
370,BCS Cadre,LinkedIn,Both,Phone,AI in government or policy,4,3,A bit confusing on specific government policies.,Yes,Add voice input in Bengali,"36-45, Mymensingh"
371,Student,Facebook/WhatsApp,Bengali,Phone,AI and jobs,4,4,,Yes,Make it faster,"20-25, Barishal"
372,BCS Cadre,Friend or family,Both,Phone,AI in government or policy,4,3,Missed some local Bangladesh context.,Yes,Include more local examples,"28-35, Khulna"
373,Small Business Owner,Friend or family,Bengali,Tablet,What AI is,3,3,,No,Make it faster,"36-50, Sylhet"
374,Small Business Owner,Facebook/WhatsApp,Bengali,Phone,What AI is,3,5,A bit confusing on specific government policies.,Yes,Offline support through SMS,"36-50, Cumilla"
375,Small Business Owner,Friend or family,Bengali,Phone,Something else (How to grow business),3,3,Missed some local Bangladesh context.,Yes,Add voice input in Bengali,"50+, Sylhet"
376,Banker,Facebook/WhatsApp,English,Laptop or desktop,AI and jobs,3,3,Could be simpler.,No,Include more local examples,"46-55, Dhaka"
377,BCS Cadre,Other,English,Laptop or desktop,AI in government or policy,4,5,Could be simpler.,Maybe,Offline support through SMS,"36-45, Barishal"
378,Banker,LinkedIn,Both,Laptop or desktop,AI and jobs,4,2,A bit confusing on specific government policies.,Yes,Include more local examples,"36-45, Dhaka"
379,Student,Friend or family,Both,Phone,Something else (Scholarships/Studies),3,3,,Yes,Information on scholarships,"19-23, Barishal"
380,Banker,LinkedIn,English,Laptop or desktop,AI in government or policy,3,2,A bit confusing on specific government policies.,Yes,Better regional language understanding,"25-35, Dhaka"
381,Banker,Friend or family,Both,Laptop or desktop,AI and jobs,4,3,A bit confusing on specific government policies.,Yes,Make it faster,"25-35, Sylhet"
382,IT Professional,LinkedIn,English,Tablet,AI and jobs,5,2,,Yes,More technical depth,"41-50, Dhaka"
383,Student,University,Both,Phone,Something else (Scholarships/Studies),3,4,Could be simpler.,No,Include more local examples,"19-23, Cumilla"
384,Housewife,Facebook/WhatsApp,Bengali,Phone,Something else (Daily life),4,5,A bit confusing on specific government policies.,Yes,Offline support through SMS,"36-50, Sylhet"
385,IT Professional,LinkedIn,English,Laptop or desktop,AI in government or policy,3,2,Missed some local Bangladesh context.,Maybe,Citations for claims,"22-30, Dhaka"
386,Student,LinkedIn,Both,Phone,AI and jobs,5,3,,Yes,Help with specific university subjects,"18-24, Chattogram"
387,Housewife,Facebook/WhatsApp,Bengali,Phone,What AI is,5,4,,Yes,Better regional language understanding,"36-50, Chattogram"
388,Student,Facebook/WhatsApp,Both,Phone,What AI is,3,5,,Maybe,Information on scholarships,"18-24, Rajshahi"
389,Banker,Other,Both,Tablet,AI and jobs,5,2,Missed some local Bangladesh context.,Yes,Include more local examples,"46-55, Dhaka"
390,Student,University,Both,Phone,What AI is,5,3,,Yes,Add voice input in Bengali,"20-25, Bogura"
391,BCS Cadre,Friend or family,Bengali,Laptop or desktop,AI in government or policy,3,5,Could be simpler.,No,Offline support through SMS,"28-35, Rajshahi"
392,IT Professional,Facebook/WhatsApp,Bengali,Laptop or desktop,What AI is,3,3,,Yes,Offline support through SMS,"31-40, Dhaka"
393,BCS Cadre,Friend or family,Both,Laptop or desktop,AI in government or policy,4,3,A bit confusing on specific government policies.,Yes,Make it faster,"46-55, Barishal"
394,Small Business Owner,Facebook/WhatsApp,Bengali,Tablet,Something else (How to grow business),3,4,Missed some local Bangladesh context.,Yes,Include more local examples,"50+, Cumilla"
395,Small Business Owner,Facebook/WhatsApp,Bengali,Laptop or desktop,Something else (How to grow business),3,3,Missed some local Bangladesh context.,Yes,Add voice input in Bengali,"50+, Khulna"
396,BCS Cadre,LinkedIn,Bengali,Laptop or desktop,AI in government or policy,4,3,Missed some local Bangladesh context.,Yes,Make it faster,"46-55, Khulna"
397,BCS Cadre,Friend or family,Bengali,Phone,What AI is,4,3,A bit confusing on specific government policies.,Yes,Offline support through SMS,"46-55, Barishal"
398,Housewife,Facebook/WhatsApp,Bengali,Phone,Something else (Education for kids),5,5,All good.,Yes,Include more local examples,"36-50, Rangpur"
399,Small Business Owner,Friend or family,Bengali,Laptop or desktop,Something else (How to grow business),2,3,Did not fully grasp the regional context.,No,Add voice input in Bengali,"25-35, Mymensingh"
400,Small Business Owner,Facebook/WhatsApp,Bengali,Phone,Something else (How to grow business),5,4,A bit confusing on specific government policies.,Yes,Offline support through SMS,"50+, Bogura"
401,Small Business Owner,Facebook/WhatsApp,Bengali,Phone,What AI is,5,4,,Yes,Provide business advice in simple Bangla,"50+, Chattogram"
402,Small Business Owner,Friend or family,Both,Phone,Something else (Marketing),3,4,Missed some local Bangladesh context.,Yes,Offline support through SMS,"36-50, Rajshahi"
403,IT Professional,Friend or family,English,Laptop or desktop,Something else (Code generation),5,2,A bit confusing on specific government policies.,Yes,API access,"41-50, Dhaka"
404,Small Business Owner,Facebook/WhatsApp,Bengali,Phone,Something else (How to grow business),2,3,Did not fully grasp the regional context.,Yes,Offline support through SMS,"50+, Rajshahi"
405,IT Professional,Other,English,Laptop or desktop,Something else (Code generation),3,4,A bit confusing on specific government policies.,Yes,Better regional language understanding,"22-30, Chattogram"
406,IT Professional,LinkedIn,English,Laptop or desktop,AI and jobs,4,4,,Yes,Better regional language understanding,"41-50, Dhaka"
407,Housewife,Friend or family,Bengali,Phone,What AI is,3,5,Could be simpler.,Yes,Make it faster,"50+, Barishal"
408,BCS Cadre,LinkedIn,English,Phone,AI and jobs,3,4,Missed some local Bangladesh context.,Maybe,Include more local examples,"36-45, Rajshahi"
409,Small Business Owner,Facebook/WhatsApp,Bengali,Phone,Something else (How to grow business),4,5,Missed some local Bangladesh context.,Yes,Provide business advice in simple Bangla,"36-50, Dhaka"
410,Small Business Owner,Other,Bengali,Phone,Something else (How to grow business),4,4,,Yes,Add voice input in Bengali,"36-50, Mymensingh"
411,Banker,LinkedIn,Both,Phone,AI and jobs,3,2,,No,Offline support through SMS,"46-55, Sylhet"
412,Student,Facebook/WhatsApp,Both,Laptop or desktop,AI and jobs,3,3,,No,Help with specific university subjects,"18-24, Chattogram"
413,Small Business Owner,Friend or family,Both,Phone,What AI is,3,5,Missed some local Bangladesh context.,No,Provide business advice in simple Bangla,"50+, Barishal"
414,BCS Cadre,Facebook/WhatsApp,English,Laptop or desktop,AI in government or policy,3,3,,Yes,Include more local examples,"46-55, Chattogram"
415,Banker,LinkedIn,English,Laptop or desktop,AI in government or policy,3,5,,Maybe,Make it faster,"36-45, Dhaka"
416,Housewife,Friend or family,Bengali,Phone,What AI is,3,3,Missed some local Bangladesh context.,No,Make it faster,"50+, Dhaka"
417,Small Business Owner,Facebook/WhatsApp,Bengali,Tablet,Something else (How to grow business),5,5,"Nothing, it was very clear.",Yes,Make it faster,"25-35, Rangpur"
418,Banker,LinkedIn,Bengali,Phone,Something else (Banking automation),5,3,,Yes,Add voice input in Bengali,"46-55, Dhaka"
419,Student,Facebook/WhatsApp,Both,Phone,Something else (Scholarships/Studies),5,4,,Yes,Offline support through SMS,"18-24, Khulna"
420,BCS Cadre,LinkedIn,Both,Phone,AI in government or policy,4,3,,Yes,Ensure strict data privacy,"28-35, Chattogram"
421,Student,University,Both,Phone,AI and jobs,5,4,Missed some local Bangladesh context.,Maybe,Information on scholarships,"20-25, Rajshahi"
422,BCS Cadre,Friend or family,English,Phone,AI in government or policy,3,3,,Maybe,Include more local examples,"28-35, Rangpur"
423,IT Professional,LinkedIn,Both,Laptop or desktop,AI in government or policy,4,3,Missed some local Bangladesh context.,Yes,More technical depth,"41-50, Chattogram"
424,Student,University,Both,Phone,Something else (Scholarships/Studies),4,4,Could be simpler.,Yes,Include more local examples,"20-25, Mymensingh"
425,BCS Cadre,Friend or family,English,Phone,AI in government or policy,5,5,All good.,Yes,Add voice input in Bengali,"28-35, Dhaka"
426,Student,Facebook/WhatsApp,Both,Phone,AI and jobs,5,5,,Maybe,Make it faster,"20-25, Rajshahi"
427,Small Business Owner,Friend or family,Bengali,Phone,Something else (How to grow business),3,5,Missed some local Bangladesh context.,Maybe,Include more local examples,"25-35, Dhaka"
428,Student,University,Both,Laptop or desktop,What AI is,5,5,"No, it was helpful.",Yes,Better regional language understanding,"19-23, Rajshahi"
429,Small Business Owner,Other,Bengali,Phone,Something else (How to grow business),5,4,Missed some local Bangladesh context.,Yes,Include more local examples,"50+, Rangpur"
430,BCS Cadre,Friend or family,Both,Phone,AI in government or policy,3,3,A bit confusing on specific government policies.,No,Make it faster,"46-55, Khulna"
431,BCS Cadre,Facebook/WhatsApp,English,Laptop or desktop,AI in government or policy,4,5,Could be simpler.,Yes,Integrate directly with MOPA guidelines,"28-35, Chattogram"
432,Student,Facebook/WhatsApp,Both,Phone,AI and jobs,5,4,Could be simpler.,Yes,Better regional language understanding,"19-23, Barishal"
433,Housewife,Facebook/WhatsApp,Bengali,Phone,What AI is,5,5,,Yes,Add voice input in Bengali,"50+, Rangpur"
434,IT Professional,LinkedIn,English,Laptop or desktop,Something else (Code generation),4,2,A bit confusing on specific government policies.,Yes,API access,"31-40, Dhaka"
435,Student,Facebook/WhatsApp,Both,Laptop or desktop,What AI is,3,4,Could be simpler.,Yes,Offline support through SMS,"19-23, Khulna"
436,Housewife,Facebook/WhatsApp,Bengali,Phone,Something else (Education for kids),4,5,Could be simpler.,Yes,Better regional language understanding,"25-35, Dhaka"
437,Small Business Owner,Other,Both,Phone,What AI is,2,3,Some Bengali phrasing was slightly unnatural.,No,Make it faster,"25-35, Rangpur"
438,Small Business Owner,Facebook/WhatsApp,Bengali,Phone,Something else (How to grow business),4,5,,Yes,Add voice input in Bengali,"50+, Dhaka"
439,Student,Facebook/WhatsApp,English,Phone,AI and jobs,3,3,A bit confusing on specific government policies.,Maybe,Add voice input in Bengali,"18-24, Barishal"
440,Housewife,Facebook/WhatsApp,Bengali,Phone,Something else (Daily life),5,4,A bit confusing on specific government policies.,Yes,Make it faster,"50+, Bogura"
441,Student,Facebook/WhatsApp,Bengali,Phone,AI and jobs,3,3,Could be simpler.,No,Include more local examples,"20-25, Cumilla"
442,BCS Cadre,Facebook/WhatsApp,Both,Phone,AI in government or policy,3,5,A bit confusing on specific government policies.,Yes,Better regional language understanding,"28-35, Rajshahi"
443,Small Business Owner,Friend or family,Bengali,Tablet,Something else (Marketing),2,3,Some Bengali phrasing was slightly unnatural.,Maybe,Make it faster,"25-35, Barishal"
444,Banker,LinkedIn,Both,Laptop or desktop,AI and jobs,5,3,,Maybe,Better regional language understanding,"36-45, Dhaka"
445,Housewife,Other,Bengali,Phone,Something else (Education for kids),4,4,,Maybe,Add voice input in Bengali,"50+, Barishal"
446,IT Professional,LinkedIn,English,Phone,What AI is,5,3,,Yes,Add voice input in Bengali,"31-40, Dhaka"
447,Banker,LinkedIn,Both,Laptop or desktop,Something else (Banking automation),3,2,A bit confusing on specific government policies.,Maybe,More accurate financial terminology in Bengali,"36-45, Chattogram"
448,Housewife,Facebook/WhatsApp,Bengali,Phone,Something else (Daily life),3,4,A bit confusing on specific government policies.,Maybe,Better regional language understanding,"25-35, Rangpur"
449,IT Professional,LinkedIn,Both,Laptop or desktop,Something else (Code generation),3,4,A bit confusing on specific government policies.,Maybe,Offline support through SMS,"31-40, Dhaka"
450,Housewife,Facebook/WhatsApp,Bengali,Phone,Something else (Daily life),4,3,,Yes,Offline support through SMS,"50+, Sylhet"
451,Small Business Owner,Friend or family,Bengali,Phone,What AI is,2,5,Some Bengali phrasing was slightly unnatural.,Yes,Make it faster,"36-50, Sylhet"
452,Student,University,Both,Phone,What AI is,5,5,,Yes,Make it faster,"18-24, Rajshahi"
453,BCS Cadre,LinkedIn,Bengali,Laptop or desktop,AI and jobs,4,3,,Maybe,Make it faster,"46-55, Barishal"
454,Student,Facebook/WhatsApp,English,Phone,AI and jobs,5,5,"Nothing, it was very clear.",Yes,Add voice input in Bengali,"20-25, Cumilla"
455,IT Professional,LinkedIn,English,Laptop or desktop,Something else (Code generation),4,4,Missed some local Bangladesh context.,Yes,Better regional language understanding,"41-50, Dhaka"
456,Banker,LinkedIn,Both,Phone,AI in government or policy,4,2,Could be simpler.,Maybe,Include more local examples,"25-35, Dhaka"
457,BCS Cadre,Friend or family,Bengali,Tablet,AI and jobs,5,3,,Yes,Ensure strict data privacy,"36-45, Khulna"
458,Banker,LinkedIn,English,Phone,Something else (Banking automation),3,5,Missed some local Bangladesh context.,Maybe,Offline support through SMS,"36-45, Dhaka"
459,IT Professional,LinkedIn,English,Tablet,Something else (Code generation),4,3,,Yes,More technical depth,"22-30, Dhaka"
460,Banker,Facebook/WhatsApp,Both,Laptop or desktop,AI and jobs,4,3,Could be simpler.,Yes,Include more local examples,"36-45, Dhaka"
461,Banker,LinkedIn,Both,Laptop or desktop,AI and jobs,5,4,A bit confusing on specific government policies.,Yes,Better regional language understanding,"46-55, Dhaka"
462,Student,University,Both,Phone,What AI is,4,3,,Yes,Help with specific university subjects,"18-24, Barishal"
463,Student,Facebook/WhatsApp,Bengali,Phone,Something else (Scholarships/Studies),5,3,Could be simpler.,Yes,Add voice input in Bengali,"20-25, Chattogram"
464,Housewife,Other,Bengali,Phone,What AI is,3,3,,Yes,Better regional language understanding,"50+, Khulna"
465,Small Business Owner,Facebook/WhatsApp,Bengali,Phone,What AI is,5,3,,Yes,Provide business advice in simple Bangla,"50+, Rajshahi"
466,Small Business Owner,Friend or family,Bengali,Phone,Something else (How to grow business),5,4,A bit confusing on specific government policies.,Yes,Make it faster,"50+, Dhaka"
467,Student,University,Both,Tablet,Something else (Scholarships/Studies),5,5,,Maybe,Better regional language understanding,"19-23, Rajshahi"
468,Housewife,Facebook/WhatsApp,Bengali,Phone,Something else (Daily life),3,4,,Yes,Make it faster,"25-35, Bogura"
469,IT Professional,LinkedIn,Bengali,Laptop or desktop,AI and jobs,3,3,A bit confusing on specific government policies.,No,Add voice input in Bengali,"41-50, Dhaka"
470,Banker,Friend or family,English,Laptop or desktop,Something else (Banking automation),5,2,,Maybe,More accurate financial terminology in Bengali,"36-45, Dhaka"
471,Small Business Owner,Facebook/WhatsApp,Bengali,Phone,Something else (How to grow business),3,4,,Maybe,Offline support through SMS,"50+, Barishal"
472,BCS Cadre,Facebook/WhatsApp,Both,Phone,AI and jobs,3,4,A bit confusing on specific government policies.,No,Add voice input in Bengali,"28-35, Barishal"
473,Banker,LinkedIn,Both,Laptop or desktop,AI and jobs,4,5,Could be simpler.,Yes,Make it faster,"46-55, Dhaka"
474,BCS Cadre,Friend or family,Bengali,Laptop or desktop,AI and jobs,4,4,,Yes,Offline support through SMS,"46-55, Barishal"
475,Small Business Owner,Facebook/WhatsApp,Bengali,Phone,Something else (How to grow business),4,5,Could be simpler.,Yes,Include more local examples,"36-50, Khulna"
476,BCS Cadre,Facebook/WhatsApp,Both,Laptop or desktop,AI in government or policy,5,3,,Yes,Make it faster,"28-35, Chattogram"
477,Housewife,Facebook/WhatsApp,Bengali,Phone,Something else (Daily life),5,4,A bit confusing on specific government policies.,Yes,Add voice input in Bengali,"50+, Dhaka"
478,Small Business Owner,Friend or family,Bengali,Phone,What AI is,3,4,A bit confusing on specific government policies.,No,Include loan information or SME resources,"36-50, Cumilla"
479,Housewife,Facebook/WhatsApp,Bengali,Phone,What AI is,4,5,A bit confusing on specific government policies.,Yes,Include more local examples,"50+, Sylhet"
480,Banker,Facebook/WhatsApp,Both,Laptop or desktop,AI in government or policy,5,2,Missed some local Bangladesh context.,Yes,Make it faster,"36-45, Dhaka"
481,Banker,LinkedIn,Both,Tablet,Something else (Banking automation),5,2,,Yes,Offline support through SMS,"46-55, Dhaka"
482,Banker,LinkedIn,English,Laptop or desktop,AI in government or policy,3,5,A bit confusing on specific government policies.,Yes,Offline support through SMS,"36-45, Dhaka"
483,BCS Cadre,Facebook/WhatsApp,English,Laptop or desktop,AI in government or policy,3,3,,No,Offline support through SMS,"46-55, Chattogram"
484,Student,University,Both,Laptop or desktop,What AI is,3,3,Missed some local Bangladesh context.,Maybe,Better regional language understanding,"20-25, Rangpur"
485,BCS Cadre,Friend or family,English,Tablet,AI and jobs,3,5,Missed some local Bangladesh context.,Maybe,Add circular references,"46-55, Rajshahi"
486,Student,Facebook/WhatsApp,English,Phone,AI and jobs,5,3,Could be simpler.,Yes,Include more local examples,"20-25, Chattogram"
487,IT Professional,Facebook/WhatsApp,English,Laptop or desktop,Something else (Code generation),5,4,,Yes,Add voice input in Bengali,"31-40, Dhaka"
488,Housewife,Friend or family,Both,Phone,Something else (Education for kids),4,4,A bit confusing on specific government policies.,Yes,Offline support through SMS,"25-35, Sylhet"
489,Small Business Owner,Friend or family,Bengali,Phone,Something else (Marketing),4,4,Missed some local Bangladesh context.,Maybe,Provide business advice in simple Bangla,"36-50, Chattogram"
490,IT Professional,LinkedIn,Both,Laptop or desktop,What AI is,3,4,Could be simpler.,No,Add voice input in Bengali,"41-50, Dhaka"
491,Banker,Friend or family,English,Phone,Something else (Banking automation),3,5,,Yes,More accurate financial terminology in Bengali,"36-45, Dhaka"
492,IT Professional,Facebook/WhatsApp,English,Phone,Something else (Code generation),3,3,,No,Include more local examples,"22-30, Dhaka"
493,Student,Facebook/WhatsApp,Both,Phone,AI and jobs,3,4,A bit confusing on specific government policies.,No,Help with specific university subjects,"19-23, Cumilla"
494,Banker,Friend or family,English,Laptop or desktop,AI and jobs,5,4,,Yes,More accurate financial terminology in Bengali,"46-55, Dhaka"
495,Student,University,Both,Laptop or desktop,AI and jobs,4,5,Missed some local Bangladesh context.,Yes,Better regional language understanding,"18-24, Mymensingh"
496,Banker,LinkedIn,English,Phone,AI and jobs,4,2,,Yes,Offline support through SMS,"25-35, Dhaka"
497,Small Business Owner,Friend or family,Bengali,Laptop or desktop,What AI is,3,4,A bit confusing on specific government policies.,Yes,Offline support through SMS,"36-50, Sylhet"
498,Housewife,Facebook/WhatsApp,Bengali,Phone,Something else (Daily life),3,4,,Maybe,Offline support through SMS,"36-50, Bogura"
499,BCS Cadre,Friend or family,English,Laptop or desktop,AI and jobs,5,4,A bit confusing on specific government policies.,Yes,Integrate directly with MOPA guidelines,"46-55, Khulna"
500,Banker,LinkedIn,English,Laptop or desktop,AI and jobs,5,5,"No, it was helpful.",Yes,Add voice input in Bengali,"36-45, Dhaka"
